{
    "AUC_ROC": 0.9805366965267949,
    "AUC_PR": 0.6946532725385078
}